ibge_code;municipality;use_purpose;source_type;n_permits;n_abstraction;n_impoundment;n_quantified;total_flow;total_volume
3503901;ARUJÁ;Abastecimento Público;surface;1;1;0;1;435,600000;3805401,60
3503901;ARUJÁ;Consumo Humano;surface;2;2;0;2;7,000000;18600,00
3503901;ARUJÁ;Indústria;groundwater;9;9;0;7;18,560000;102520,80
3503901;ARUJÁ;Indústria;surface;8;8;0;8;129,680000;462174,56
3503901;ARUJÁ;Irrigação;surface;3;3;0;3;152,700000;231480,00
3503901;ARUJÁ;Outras;groundwater;8;8;0;3;11,700000;59040,00
3503901;ARUJÁ;Outras;surface;7;6;1;6;47,200000;180002,80
3503901;ARUJÁ;Reservatório/Barramento/Regularização de Vazões para Usos Múltiplos;surface;34;0;34;0;0,000000;0,00
3505708;BARUERI;Abastecimento Público;groundwater;1;1;0;1;2,000000;14400,00
3505708;BARUERI;Abastecimento Público;surface;4;4;0;4;300,000000;2624400,00
3505708;BARUERI;Consumo Humano;groundwater;6;6;0;6;28,900000;135720,00
3505708;BARUERI;Consumo Humano;surface;9;8;1;8;133,000000;571075,00
3505708;BARUERI;Indústria;groundwater;15;15;0;10;314,200000;1782408,00
3505708;BARUERI;Mineração - Extração de Areia/Cascalho em Leito de Rio;groundwater;1;1;0;0;0,000000;0,00
3505708;BARUERI;Mineração - Extração de Areia/Cascalho em Leito de Rio;surface;3;3;0;2;19,800000;173404,80
3505708;BARUERI;Mineração - Outros Processos Extrativos;surface;1;1;0;1;0,360000;3153,60
3505708;BARUERI;Outras;groundwater;45;45;0;34;198,200000;1039994,88
3505708;BARUERI;Reservatório/Barramento/Regularização de Vazões para Usos Múltiplos;surface;23;0;23;0;0,000000;0,00
3506607;BIRITIBA-MIRIM;Abastecimento Público;groundwater;1;1;0;1;45,000000;327600,00
3506607;BIRITIBA-MIRIM;Abastecimento Público;surface;7;7;0;5;126720,000000;1098446400,00
3506607;BIRITIBA-MIRIM;Aquicultura em Tanque Escavado;groundwater;1;1;0;0;0,000000;0,00
3506607;BIRITIBA-MIRIM;Aquicultura em Tanque Escavado;surface;5;5;0;3;104,000000;108160,00
3506607;BIRITIBA-MIRIM;Consumo Humano;groundwater;2;2;0;2;5,330000;13303,68
3506607;BIRITIBA-MIRIM;Indústria;groundwater;1;1;0;0;0,000000;0,00
3506607;BIRITIBA-MIRIM;Indústria;surface;3;3;0;3;120,000000;134400,00
3506607;BIRITIBA-MIRIM;Irrigação;groundwater;8;8;0;4;20,340000;28020,00
3506607;BIRITIBA-MIRIM;Irrigação;surface;125;109;16;101;4273,060000;3593713,40
3506607;BIRITIBA-MIRIM;Mineração - Extração de Areia/Cascalho em Leito de Rio;groundwater;1;1;0;1;25,000000;171000,00
3506607;BIRITIBA-MIRIM;Mineração - Extração de Areia/Cascalho em Leito de Rio;surface;1;1;0;1;16,000000;140160,00
3506607;BIRITIBA-MIRIM;Mineração - Outros Processos Extrativos;surface;1;1;0;1;10,000000;32850,00
3506607;BIRITIBA-MIRIM;Outras;groundwater;5;5;0;4;21,400000;32774,40
3506607;BIRITIBA-MIRIM;Outras;surface;7;7;0;6;28,990000;64772,70
3506607;BIRITIBA-MIRIM;Reservatório/Barramento/Regularização de Vazões para Usos Múltiplos;surface;43;0;43;0;0,000000;0,00
3506607;BIRITIBA-MIRIM;Serviços;surface;1;1;0;1;12,000000;26208,00
3509007;CAIEIRAS;Abastecimento Público;groundwater;2;2;0;0;0,000000;0,00
3509007;CAIEIRAS;Consumo Humano;groundwater;3;3;0;3;55,000000;145440,00
3509007;CAIEIRAS;Consumo Humano;surface;4;4;0;4;4,500000;39360,00
3509007;CAIEIRAS;Indústria;groundwater;11;11;0;6;45,700000;190800,00
3509007;CAIEIRAS;Indústria;surface;11;11;0;10;2720,500000;23798460,00
3509007;CAIEIRAS;Irrigação;groundwater;1;1;0;1;8,000000;23040,00
3509007;CAIEIRAS;Irrigação;surface;1;1;0;1;10,000000;2640,00
3509007;CAIEIRAS;Mineração - Extração de Areia/Cascalho em Leito de Rio;surface;1;1;0;0;0,000000;0,00
3509007;CAIEIRAS;Outras;groundwater;15;15;0;13;461,110000;3281592,00
3509007;CAIEIRAS;Outras;surface;5;5;0;5;118819,300000;1040772503,00
3509007;CAIEIRAS;Reservatório/Barramento/Regularização de Vazões para Usos Múltiplos;surface;25;0;25;0;0,000000;0,00
3509205;CAJAMAR;Abastecimento Público;groundwater;10;10;0;9;339,130000;2468866,40
3509205;CAJAMAR;Abastecimento Público;surface;2;2;0;2;666,720000;5832466,56
3509205;CAJAMAR;Aproveitamento Hidroelétrico;surface;1;0;1;0;0,000000;0,00
3509205;CAJAMAR;Consumo Humano;groundwater;9;9;0;9;126,780000;510156,00
3509205;CAJAMAR;Consumo Humano;surface;2;2;0;2;17,500000;127750,00
3509205;CAJAMAR;Indústria;groundwater;35;35;0;34;564,110000;2550388,80
3509205;CAJAMAR;Indústria;surface;3;3;0;2;64,000000;560640,00
3509205;CAJAMAR;Mineração - Extração de Areia/Cascalho em Leito de Rio;groundwater;1;1;0;0;0,000000;0,00
3509205;CAJAMAR;Outras;groundwater;30;30;0;22;136,000000;861264,00
3509205;CAJAMAR;Outras;surface;4;4;0;4;484,240000;1917590,40
3509205;CAJAMAR;Reservatório/Barramento/Regularização de Vazões para Usos Múltiplos;surface;18;0;18;0;0,000000;0,00
3509205;CAJAMAR;Serviços;surface;2;2;0;2;15,410000;61023,60
3510609;CARAPICUÍBA;Consumo Humano;groundwater;4;4;0;4;45,000000;324000,00
3510609;CARAPICUÍBA;Consumo Humano;surface;1;1;0;1;4,000000;14600,00
3510609;CARAPICUÍBA;Indústria;groundwater;4;4;0;3;30,800000;136800,00
3510609;CARAPICUÍBA;Indústria;surface;1;1;0;1;1,000000;3600,00
3510609;CARAPICUÍBA;Irrigação;surface;1;1;0;1;0,600000;1080,00
3510609;CARAPICUÍBA;Outras;groundwater;20;20;0;11;111,600000;690720,00
3510609;CARAPICUÍBA;Outras;surface;1;1;0;1;12,000000;65700,00
3510609;CARAPICUÍBA;Reservatório/Barramento/Regularização de Vazões para Usos Múltiplos;surface;14;0;14;0;0,000000;0,00
3513009;COTIA;Abastecimento Público;surface;3;3;0;3;9090,000000;79233120,00
3513009;COTIA;Aquicultura em Tanque Rede;surface;1;1;0;1;39,600000;345945,60
3513009;COTIA;Consumo Humano;groundwater;9;9;0;9;59,700000;288300,00
3513009;COTIA;Consumo Humano;surface;1;1;0;1;1,000000;8736,00
3513009;COTIA;Indústria;groundwater;33;33;0;23;196,120000;1024552,80
3513009;COTIA;Indústria;surface;3;3;0;3;5,400000;7300,00
3513009;COTIA;Irrigação;groundwater;4;4;0;4;10,890000;49636,80
3513009;COTIA;Irrigação;surface;18;18;0;16;304,400000;176980,00
3513009;COTIA;Outras;groundwater;30;30;0;23;188,190000;743940,00
3513009;COTIA;Outras;surface;12;7;5;7;146,000000;231645,00
3513009;COTIA;Reservatório/Barramento/Regularização de Vazões para Usos Múltiplos;surface;36;0;36;0;0,000000;0,00
3513801;DIADEMA;Consumo Humano;groundwater;10;10;0;10;697,150000;5019480,00
3513801;DIADEMA;Consumo Humano;surface;1;1;0;1;2,000000;10950,00
3513801;DIADEMA;Indústria;groundwater;21;21;0;15;155,800000;480480,00
3513801;DIADEMA;Indústria;surface;5;5;0;5;33,000000;179280,00
3513801;DIADEMA;Outras;groundwater;10;10;0;7;110,280000;688963,20
3513801;DIADEMA;Outras;surface;1;1;0;1;1,000000;3168,00
3513801;DIADEMA;Reservatório/Barramento/Regularização de Vazões para Usos Múltiplos;surface;33;0;33;0;0,000000;0,00
3515004;EMBU DAS ARTES;Abastecimento Público;surface;1;1;0;1;1,000000;4380,00
3515004;EMBU DAS ARTES;Consumo Humano;groundwater;2;2;0;2;163,400000;809184,00
3515004;EMBU DAS ARTES;Indústria;groundwater;31;31;0;26;223,490000;1308780,00
3515004;EMBU DAS ARTES;Indústria;surface;5;5;0;5;123,880000;969312,00
3515004;EMBU DAS ARTES;Irrigação;groundwater;2;2;0;2;15,000000;15120,00
3515004;EMBU DAS ARTES;Irrigação;surface;1;1;0;1;52,700000;0,00
3515004;EMBU DAS ARTES;Mineração - Extração de Areia/Cascalho em Leito de Rio;groundwater;1;1;0;0;0,000000;0,00
3515004;EMBU DAS ARTES;Outras;groundwater;27;27;0;18;124,500000;483216,00
3515004;EMBU DAS ARTES;Outras;surface;1;0;1;0;0,000000;0,00
3515004;EMBU DAS ARTES;Reservatório/Barramento/Regularização de Vazões para Usos Múltiplos;surface;68;0;68;0;0,000000;0,00
3515103;EMBU-GUAÇU;Consumo Humano;groundwater;2;2;0;2;2497,000000;17978400,00
3515103;EMBU-GUAÇU;Indústria;groundwater;2;2;0;0;0,000000;0,00
3515103;EMBU-GUAÇU;Indústria;surface;2;2;0;2;16,000000;18216,00
3515103;EMBU-GUAÇU;Irrigação;groundwater;2;2;0;2;5,500000;20970,00
3515103;EMBU-GUAÇU;Irrigação;surface;2;2;0;2;13,290000;26821,44
3515103;EMBU-GUAÇU;Outras;groundwater;2;2;0;0;0,000000;0,00
3515103;EMBU-GUAÇU;Outras;surface;1;1;0;1;19,000000;22800,00
3515707;FERRAZ DE VASCONCELOS;Consumo Humano;surface;1;1;0;1;3,000000;10950,00
3515707;FERRAZ DE VASCONCELOS;Indústria;groundwater;6;6;0;4;16,260000;64233,60
3515707;FERRAZ DE VASCONCELOS;Indústria;surface;1;1;0;1;5,000000;7200,00
3515707;FERRAZ DE VASCONCELOS;Irrigação;surface;1;1;0;1;4,000000;2880,00
3515707;FERRAZ DE VASCONCELOS;Outras;groundwater;3;3;0;3;41,660000;268036,80
3515707;FERRAZ DE VASCONCELOS;Reservatório/Barramento/Regularização de Vazões para Usos Múltiplos;surface;20;0;20;0;0,000000;0,00
3516309;FRANCISCO MORATO;Abastecimento Público;groundwater;1;1;0;0;0,000000;0,00
3516309;FRANCISCO MORATO;Irrigação;surface;3;3;0;3;41,600000;363417,60
3516309;FRANCISCO MORATO;Outras;groundwater;2;2;0;2;27,000000;96480,00
3516309;FRANCISCO MORATO;Reservatório/Barramento/Regularização de Vazões para Usos Múltiplos;surface;12;0;12;0;0,000000;0,00
3516408;FRANCO DA ROCHA;Abastecimento Público;groundwater;1;1;0;1;7,000000;15288,00
3516408;FRANCO DA ROCHA;Abastecimento Público;surface;1;1;0;1;168,840000;1474986,24
3516408;FRANCO DA ROCHA;Consumo Humano;groundwater;2;2;0;2;23,000000;49680,00
3516408;FRANCO DA ROCHA;Consumo Humano;surface;6;6;0;6;51,120000;355068,32
3516408;FRANCO DA ROCHA;Indústria;groundwater;17;17;0;13;120,320000;635524,80
3516408;FRANCO DA ROCHA;Indústria;surface;5;5;0;5;161,000000;997952,00
3516408;FRANCO DA ROCHA;Irrigação;surface;4;4;0;4;56,140000;295712,88
3516408;FRANCO DA ROCHA;Mineração - Extração de Areia/Cascalho em Leito de Rio;surface;1;1;0;0;0,000000;0,00
3516408;FRANCO DA ROCHA;Outras;groundwater;17;17;0;12;64,140000;436723,20
3516408;FRANCO DA ROCHA;Outras;surface;8;8;0;7;20,240000;97428,00
3516408;FRANCO DA ROCHA;Reservatório/Barramento/Regularização de Vazões para Usos Múltiplos;surface;14;0;14;0;0,000000;0,00
3518800;GUARULHOS;Abastecimento Público;groundwater;6;6;0;3;28,000000;181440,00
3518800;GUARULHOS;Abastecimento Público;surface;4;4;0;4;952,200000;2044224,00
3518800;GUARULHOS;Consumo Humano;groundwater;14;14;0;14;356,970000;652257,60
3518800;GUARULHOS;Indústria;groundwater;64;64;0;46;11503,670000;77112251,76
3518800;GUARULHOS;Indústria;surface;31;31;0;29;2598,000000;19825848,00
3518800;GUARULHOS;Irrigação;groundwater;1;1;0;1;4,000000;20160,00
3518800;GUARULHOS;Irrigação;surface;5;5;0;5;14,270000;29458,64
3518800;GUARULHOS;Mineração - Extração de Areia/Cascalho em Leito de Rio;surface;2;2;0;2;200,000000;1740000,00
3518800;GUARULHOS;Mineração - Outros Processos Extrativos;surface;1;1;0;1;1,440000;12614,40
3518800;GUARULHOS;Outras;groundwater;79;79;0;56;657,870000;4243644,00
3518800;GUARULHOS;Outras;surface;16;15;1;14;245,000000;1380640,00
3518800;GUARULHOS;Reservatório/Barramento/Regularização de Vazões para Usos Múltiplos;surface;124;0;124;0;0,000000;0,00
3518800;GUARULHOS;Serviços;surface;6;6;0;6;55,250000;143832,00
3522208;ITAPECERICA DA SERRA;Abastecimento Público;surface;1;1;0;0;0,000000;0,00
3522208;ITAPECERICA DA SERRA;Consumo Humano;groundwater;2;2;0;2;36,000000;80928,00
3522208;ITAPECERICA DA SERRA;Consumo Humano;surface;2;2;0;2;6,000000;21550,00
3522208;ITAPECERICA DA SERRA;Indústria;groundwater;8;8;0;6;110,850000;96372,00
3522208;ITAPECERICA DA SERRA;Indústria;surface;4;4;0;4;68,000000;504608,00
3522208;ITAPECERICA DA SERRA;Irrigação;groundwater;1;1;0;1;2,500000;18000,00
3522208;ITAPECERICA DA SERRA;Mineração - Extração de Areia/Cascalho em Leito de Rio;surface;2;2;0;2;5,800000;41760,00
3522208;ITAPECERICA DA SERRA;Mineração - Outros Processos Extrativos;surface;2;2;0;2;5,800000;41760,00
3522208;ITAPECERICA DA SERRA;Outras;groundwater;11;11;0;8;29,700000;145800,00
3522208;ITAPECERICA DA SERRA;Outras;surface;3;3;0;3;31,000000;112420,00
3522208;ITAPECERICA DA SERRA;Reservatório/Barramento/Regularização de Vazões para Usos Múltiplos;surface;30;0;30;0;0,000000;0,00
3522208;ITAPECERICA DA SERRA;Serviços;surface;2;2;0;2;5,800000;41760,00
3522505;ITAPEVI;Abastecimento Público;surface;5;5;0;4;167,600000;1461172,80
3522505;ITAPEVI;Consumo Humano;groundwater;9;9;0;9;202,990000;1302384,00
3522505;ITAPEVI;Consumo Humano;surface;6;6;0;6;55,800000;450132,80
3522505;ITAPEVI;Indústria;groundwater;26;26;0;22;135,550000;891888,00
3522505;ITAPEVI;Indústria;surface;3;3;0;3;147,500000;469400,00
3522505;ITAPEVI;Irrigação;groundwater;2;2;0;2;97,000000;558720,00
3522505;ITAPEVI;Irrigação;surface;2;2;0;2;6,000000;4320,00
3522505;ITAPEVI;Obras Hidráulicas;surface;1;0;1;0;0,000000;0,00
3522505;ITAPEVI;Outras;groundwater;20;20;0;14;70,200000;432360,00
3522505;ITAPEVI;Outras;surface;4;4;0;4;37,800000;273012,00
3522505;ITAPEVI;Reservatório/Barramento/Regularização de Vazões para Usos Múltiplos;surface;33;0;33;0;0,000000;0,00
3523107;ITAQUAQUECETUBA;Consumo Humano;groundwater;4;4;0;4;397,600000;2516976,00
3523107;ITAQUAQUECETUBA;Indústria;groundwater;20;20;0;15;132,670000;487560,00
3523107;ITAQUAQUECETUBA;Indústria;surface;19;19;0;18;477,600000;3396158,00
3523107;ITAQUAQUECETUBA;Mineração - Outros Processos Extrativos;surface;1;1;0;1;120,000000;171840,00
3523107;ITAQUAQUECETUBA;Outras;groundwater;12;12;0;12;126,440000;741888,00
3523107;ITAQUAQUECETUBA;Outras;surface;2;0;2;0;0,000000;0,00
3523107;ITAQUAQUECETUBA;Reservatório/Barramento/Regularização de Vazões para Usos Múltiplos;surface;15;0;15;0;0,000000;0,00
3525003;JANDIRA;Abastecimento Público;surface;1;1;0;1;7,000000;51100,00
3525003;JANDIRA;Consumo Humano;groundwater;3;3;0;3;18,500000;127944,00
3525003;JANDIRA;Consumo Humano;surface;1;1;0;1;7,000000;50960,00
3525003;JANDIRA;Indústria;groundwater;6;6;0;5;20,550000;86520,00
3525003;JANDIRA;Outras;groundwater;1;1;0;1;3,500000;11340,00
3525003;JANDIRA;Reservatório/Barramento/Regularização de Vazões para Usos Múltiplos;surface;13;0;13;0;0,000000;0,00
3526209;JUQUITIBA;Abastecimento Público;groundwater;3;3;0;2;50,000000;360000,00
3526209;JUQUITIBA;Abastecimento Público;surface;3;3;0;2;164,000000;1426368,00
3526209;JUQUITIBA;Aquicultura em Tanque Escavado;surface;14;14;0;2;4,040000;25315,60
3526209;JUQUITIBA;Consumo Humano;surface;7;7;0;7;26,240000;98564,64
3526209;JUQUITIBA;Criação Animal;surface;1;1;0;0;0,000000;0,00
3526209;JUQUITIBA;Indústria;surface;12;12;0;0;0,000000;0,00
3526209;JUQUITIBA;Irrigação;surface;9;4;5;2;32,020000;218574,72
3526209;JUQUITIBA;Outras;groundwater;4;4;0;4;8,400000;25272,00
3526209;JUQUITIBA;Outras;surface;47;47;0;29;479,700000;1103460,80
3526209;JUQUITIBA;Reservatório/Barramento/Regularização de Vazões para Usos Múltiplos;surface;52;0;52;0;0,000000;0,00
3528502;MAIRIPORÃ;Abastecimento Público;groundwater;4;4;0;4;44,100000;307440,00
3528502;MAIRIPORÃ;Abastecimento Público;surface;6;6;0;5;1889,070000;16259293,20
3528502;MAIRIPORÃ;Consumo Humano;groundwater;2;2;0;2;11,500000;82800,00
3528502;MAIRIPORÃ;Indústria;groundwater;6;6;0;4;23,000000;81780,00
3528502;MAIRIPORÃ;Indústria;surface;1;1;0;1;6,900000;52164,00
3528502;MAIRIPORÃ;Irrigação;surface;3;3;0;2;7,200000;0,00
3528502;MAIRIPORÃ;Outras;groundwater;42;42;0;30;198,500000;957420,00
3528502;MAIRIPORÃ;Outras;surface;14;13;1;12;42,000000;124520,00
3528502;MAIRIPORÃ;Reservatório/Barramento/Regularização de Vazões para Usos Múltiplos;surface;34;0;34;0;0,000000;0,00
3528502;MAIRIPORÃ;Serviços;surface;1;1;0;1;6,900000;43470,00
3529401;MAUÁ;Consumo Humano;groundwater;4;4;0;4;9,800000;63792,00
3529401;MAUÁ;Consumo Humano;surface;2;2;0;2;10,260000;75271,36
3529401;MAUÁ;Indústria;groundwater;16;16;0;9;105,650000;589291,20
3529401;MAUÁ;Indústria;surface;6;6;0;6;1544,280000;9085767,36
3529401;MAUÁ;Irrigação;surface;5;2;3;2;8,000000;3840,00
3529401;MAUÁ;Outras;groundwater;20;20;0;14;165,330000;683730,00
3529401;MAUÁ;Outras;surface;1;1;0;1;4,000000;3168,00
3529401;MAUÁ;Reservatório/Barramento/Regularização de Vazões para Usos Múltiplos;surface;38;0;38;0;0,000000;0,00
3530607;MOGI DAS CRUZES;Abastecimento Público;groundwater;6;6;0;5;114,800000;784800,00
3530607;MOGI DAS CRUZES;Abastecimento Público;surface;6;6;0;5;112996,000000;976766160,00
3530607;MOGI DAS CRUZES;Aquicultura em Tanque Escavado;surface;4;4;0;4;144,590000;1249257,60
3530607;MOGI DAS CRUZES;Consumo Humano;groundwater;2;2;0;2;25,000000;82800,00
3530607;MOGI DAS CRUZES;Consumo Humano;surface;8;8;0;8;28,780000;194025,05
3530607;MOGI DAS CRUZES;Criação Animal;groundwater;1;1;0;1;4,000000;14400,00
3530607;MOGI DAS CRUZES;Criação Animal;surface;1;1;0;1;15,000000;16200,00
3530607;MOGI DAS CRUZES;Esgotamento Sanitário;surface;2;2;0;2;69840,000000;611798400,00
3530607;MOGI DAS CRUZES;Indústria;groundwater;52;52;0;43;3636,120000;20527236,00
3530607;MOGI DAS CRUZES;Indústria;surface;27;27;0;27;2963,760000;20189782,36
3530607;MOGI DAS CRUZES;Irrigação;groundwater;12;12;0;11;148,100000;693271,20
3530607;MOGI DAS CRUZES;Irrigação;surface;176;167;9;159;11281,550000;16766646,25
3530607;MOGI DAS CRUZES;Mineração - Extração de Areia/Cascalho em Leito de Rio;groundwater;4;4;0;4;485,500000;1917528,00
3530607;MOGI DAS CRUZES;Mineração - Extração de Areia/Cascalho em Leito de Rio;surface;34;33;1;26;4809,930000;27982163,52
3530607;MOGI DAS CRUZES;Mineração - Outros Processos Extrativos;groundwater;2;2;0;2;15,000000;28800,00
3530607;MOGI DAS CRUZES;Mineração - Outros Processos Extrativos;surface;21;21;0;21;4135,080000;30201822,56
3530607;MOGI DAS CRUZES;Outras;groundwater;42;42;0;32;349,860000;1877811,60
3530607;MOGI DAS CRUZES;Outras;surface;74;42;32;38;1064,650000;6291767,79
3530607;MOGI DAS CRUZES;Reservatório/Barramento/Regularização de Vazões para Usos Múltiplos;surface;127;0;127;0;0,000000;0,00
3530607;MOGI DAS CRUZES;Serviços;surface;3;3;0;3;20,160000;90053,60
3534401;OSASCO;Abastecimento Público;groundwater;1;1;0;1;13,000000;93600,00
3534401;OSASCO;Consumo Humano;groundwater;8;8;0;8;79,200000;465480,00
3534401;OSASCO;Consumo Humano;surface;1;1;0;1;3,000000;10950,00
3534401;OSASCO;Indústria;groundwater;25;25;0;21;256,100000;1333932,00
3534401;OSASCO;Indústria;surface;2;2;0;2;22,000000;111684,00
3534401;OSASCO;Outras;groundwater;55;55;0;49;1395,280000;8115632,40
3534401;OSASCO;Reservatório/Barramento/Regularização de Vazões para Usos Múltiplos;surface;72;0;72;0;0,000000;0,00
3539103;PIRAPORA DO BOM JESUS;Abastecimento Público;surface;2;2;0;2;234,000000;1825920,00
3539103;PIRAPORA DO BOM JESUS;Consumo Humano;groundwater;1;1;0;1;1,000000;1200,00
3539103;PIRAPORA DO BOM JESUS;Indústria;groundwater;4;4;0;3;103,050000;630180,00
3539103;PIRAPORA DO BOM JESUS;Outras;surface;2;2;0;2;493203,000000;4261269900,00
3539103;PIRAPORA DO BOM JESUS;Reservatório/Barramento/Regularização de Vazões para Usos Múltiplos;surface;1;0;1;0;0,000000;0,00
3539806;POÁ;Consumo Humano;surface;2;2;0;2;64,920000;467424,00
3539806;POÁ;Indústria;groundwater;6;6;0;5;43,000000;309600,00
3539806;POÁ;Indústria;surface;5;5;0;5;214,420000;980064,00
3539806;POÁ;Outras;groundwater;4;4;0;4;41,690000;187968,00
3539806;POÁ;Reservatório/Barramento/Regularização de Vazões para Usos Múltiplos;surface;8;0;8;0;0,000000;0,00
3543303;RIBEIRÃO PIRES;Abastecimento Público;surface;3;3;0;1;144,000000;1261440,00
3543303;RIBEIRÃO PIRES;Consumo Humano;groundwater;2;2;0;2;70,000000;504000,00
3543303;RIBEIRÃO PIRES;Indústria;groundwater;7;7;0;7;32,430000;143532,00
3543303;RIBEIRÃO PIRES;Indústria;surface;3;3;0;3;520,000000;1874000,00
3543303;RIBEIRÃO PIRES;Irrigação;surface;1;1;0;1;20,000000;9600,00
3543303;RIBEIRÃO PIRES;Outras;groundwater;12;12;0;9;63,400000;292320,00
3543303;RIBEIRÃO PIRES;Outras;surface;3;3;0;3;13,000000;43836,00
3543303;RIBEIRÃO PIRES;Reservatório/Barramento/Regularização de Vazões para Usos Múltiplos;surface;15;0;15;0;0,000000;0,00
3543303;RIBEIRÃO PIRES;Serviços;surface;5;5;0;5;19,000000;55328,00
3544103;RIO GRANDE DA SERRA;Abastecimento Público;surface;1;1;0;1;360,000000;3144960,00
3544103;RIO GRANDE DA SERRA;Indústria;groundwater;3;3;0;1;24,000000;172800,00
3544103;RIO GRANDE DA SERRA;Indústria;surface;4;4;0;4;1000,000000;3456000,00
3544103;RIO GRANDE DA SERRA;Outras;groundwater;1;1;0;0;0,000000;0,00
3544103;RIO GRANDE DA SERRA;Reservatório/Barramento/Regularização de Vazões para Usos Múltiplos;surface;3;0;3;0;0,000000;0,00
3545001;SALESÓPOLIS;Abastecimento Público;groundwater;1;1;0;1;30,000000;194400,00
3545001;SALESÓPOLIS;Abastecimento Público;surface;4;4;0;3;21600,000000;189216000,00
3545001;SALESÓPOLIS;Aproveitamento Hidroelétrico;surface;1;0;1;0;0,000000;0,00
3545001;SALESÓPOLIS;Aquicultura em Tanque Escavado;surface;1;1;0;0;0,000000;0,00
3545001;SALESÓPOLIS;Indústria;surface;2;2;0;2;6,000000;2460,00
3545001;SALESÓPOLIS;Irrigação;surface;19;16;3;15;406,930000;442432,56
3545001;SALESÓPOLIS;Outras;surface;7;6;1;3;18,000000;28092,00
3545001;SALESÓPOLIS;Reservatório/Barramento/Regularização de Vazões para Usos Múltiplos;surface;17;0;17;0;0,000000;0,00
3547304;SANTANA DE PARNAÍBA;Abastecimento Público;groundwater;1;1;0;1;6,000000;21600,00
3547304;SANTANA DE PARNAÍBA;Abastecimento Público;surface;10;10;0;10;621,390000;5062701,12
3547304;SANTANA DE PARNAÍBA;Consumo Humano;groundwater;11;11;0;11;251,800000;1634616,00
3547304;SANTANA DE PARNAÍBA;Consumo Humano;surface;1;1;0;1;15,000000;131040,00
3547304;SANTANA DE PARNAÍBA;Indústria;groundwater;19;19;0;14;101,280000;672048,00
3547304;SANTANA DE PARNAÍBA;Indústria;surface;7;7;0;7;361,800000;251186,00
3547304;SANTANA DE PARNAÍBA;Irrigação;surface;2;2;0;2;12,990000;8152,36
3547304;SANTANA DE PARNAÍBA;Mineração - Extração de Areia/Cascalho em Leito de Rio;surface;2;0;2;0;0,000000;0,00
3547304;SANTANA DE PARNAÍBA;Outras;groundwater;35;35;0;28;268,330000;838092,00
3547304;SANTANA DE PARNAÍBA;Outras;surface;9;9;0;8;65,220000;179166,80
3547304;SANTANA DE PARNAÍBA;Reservatório/Barramento/Regularização de Vazões para Usos Múltiplos;surface;23;0;23;0;0,000000;0,00
3547809;SANTO ANDRÉ;Abastecimento Público;groundwater;2;2;0;1;1,000000;4680,00
3547809;SANTO ANDRÉ;Abastecimento Público;surface;9;9;0;9;4995,000000;42996960,00
3547809;SANTO ANDRÉ;Indústria;groundwater;25;25;0;16;3124,350000;22275204,00
3547809;SANTO ANDRÉ;Indústria;surface;8;8;0;8;3400,000000;24451200,00
3547809;SANTO ANDRÉ;Irrigação;surface;21;21;0;14;252,000000;281328,50
3547809;SANTO ANDRÉ;Outras;groundwater;39;39;0;29;1013,500000;1087823,20
3547809;SANTO ANDRÉ;Outras;surface;3;3;0;3;6,580000;27031,20
3547809;SANTO ANDRÉ;Reservatório/Barramento/Regularização de Vazões para Usos Múltiplos;surface;30;0;30;0;0,000000;0,00
3548708;SÃO BERNARDO DO CAMPO;Abastecimento Público;groundwater;2;2;0;2;36,000000;237600,00
3548708;SÃO BERNARDO DO CAMPO;Abastecimento Público;surface;8;8;0;6;23544,000000;199869120,00
3548708;SÃO BERNARDO DO CAMPO;Consumo Humano;groundwater;15;15;0;15;121,500000;440817,60
3548708;SÃO BERNARDO DO CAMPO;Consumo Humano;surface;4;4;0;4;20,000000;135780,00
3548708;SÃO BERNARDO DO CAMPO;Indústria;groundwater;54;54;0;44;3536,630000;13948353,60
3548708;SÃO BERNARDO DO CAMPO;Indústria;surface;2;2;0;2;500,000000;1728000,00
3548708;SÃO BERNARDO DO CAMPO;Irrigação;surface;4;4;0;4;67,870000;79680,00
3548708;SÃO BERNARDO DO CAMPO;Outras;groundwater;72;72;0;49;553,600000;2736000,24
3548708;SÃO BERNARDO DO CAMPO;Outras;surface;14;7;7;7;60,200000;345060,00
3548708;SÃO BERNARDO DO CAMPO;Reservatório/Barramento/Regularização de Vazões para Usos Múltiplos;surface;73;0;73;0;0,000000;0,00
3548807;SÃO CAETANO DO SUL;Consumo Humano;groundwater;1;1;0;1;2,000000;14400,00
3548807;SÃO CAETANO DO SUL;Consumo Humano;surface;1;1;0;1;10,000000;3600,00
3548807;SÃO CAETANO DO SUL;Indústria;groundwater;7;7;0;7;36,720000;255225,60
3548807;SÃO CAETANO DO SUL;Indústria;surface;1;1;0;1;38,000000;13870,00
3548807;SÃO CAETANO DO SUL;Irrigação;groundwater;1;1;0;1;8,000000;28800,00
3548807;SÃO CAETANO DO SUL;Outras;groundwater;5;5;0;5;14,800000;59400,00
3548807;SÃO CAETANO DO SUL;Outras;surface;1;1;0;1;2,000000;10220,00
3549953;SÃO LOURENÇO DA SERRA;Abastecimento Público;surface;5;5;0;5;351,380000;2270869,44
3549953;SÃO LOURENÇO DA SERRA;Consumo Humano;surface;1;1;0;1;0,120000;460,80
3549953;SÃO LOURENÇO DA SERRA;Indústria;groundwater;1;1;0;1;8,100000;21384,00
3549953;SÃO LOURENÇO DA SERRA;Irrigação;surface;4;4;0;4;23,100000;31711,68
3549953;SÃO LOURENÇO DA SERRA;Mineração - Outros Processos Extrativos;surface;2;2;0;2;7,200000;31536,00
3549953;SÃO LOURENÇO DA SERRA;Outras;groundwater;1;1;0;1;2,000000;7200,00
3549953;SÃO LOURENÇO DA SERRA;Outras;surface;9;9;0;4;26,800000;53988,80
3549953;SÃO LOURENÇO DA SERRA;Reservatório/Barramento/Regularização de Vazões para Usos Múltiplos;surface;5;0;5;0;0,000000;0,00
3550308;SÃO PAULO;Abastecimento Público;groundwater;13;13;0;8;113,000000;404136,00
3550308;SÃO PAULO;Abastecimento Público;surface;7;7;0;5;72198,570000;621043283,52
3550308;SÃO PAULO;Aquicultura em Tanque Escavado;surface;1;1;0;1;36,000000;315360,00
3550308;SÃO PAULO;Consumo Humano;groundwater;165;165;0;165;8755,290000;53858698,56
3550308;SÃO PAULO;Consumo Humano;surface;12;12;0;12;110,750000;592357,00
3550308;SÃO PAULO;Criação Animal;surface;4;0;4;0;0,000000;0,00
3550308;SÃO PAULO;Indústria;groundwater;158;158;0;103;8576,450000;43183210,08
3550308;SÃO PAULO;Indústria;surface;24;24;0;23;1806,900000;13685522,40
3550308;SÃO PAULO;Irrigação;groundwater;10;10;0;10;90,820000;562521,60
3550308;SÃO PAULO;Irrigação;surface;13;13;0;12;321,140000;2072399,68
3550308;SÃO PAULO;Mineração - Extração de Areia/Cascalho em Leito de Rio;groundwater;1;1;0;1;1,000000;6000,00
3550308;SÃO PAULO;Mineração - Extração de Areia/Cascalho em Leito de Rio;surface;7;7;0;7;695,990000;996072,24
3550308;SÃO PAULO;Mineração - Outros Processos Extrativos;surface;2;2;0;2;85,760000;249798,08
3550308;SÃO PAULO;Outras;groundwater;779;779;0;586;4943,450000;26505020,40
3550308;SÃO PAULO;Outras;surface;63;51;12;46;40892,170000;348594060,64
3550308;SÃO PAULO;Reservatório/Barramento/Regularização de Vazões para Usos Múltiplos;surface;448;0;448;0;0,000000;0,00
3550308;SÃO PAULO;Serviços;surface;2;2;0;2;23,000000;51012,00
3552502;SUZANO;Abastecimento Público;surface;3;3;0;3;54020,000000;473156720,00
3552502;SUZANO;Consumo Humano;groundwater;3;3;0;3;17,500000;119520,00
3552502;SUZANO;Consumo Humano;surface;1;1;0;1;2,000000;14600,00
3552502;SUZANO;Criação Animal;groundwater;1;1;0;1;1,420000;3067,20
3552502;SUZANO;Indústria;groundwater;29;29;0;22;235,800000;1148780,16
3552502;SUZANO;Indústria;surface;12;12;0;12;12628,000000;108276616,00
3552502;SUZANO;Irrigação;surface;45;41;4;41;2035,436667;1586726,24
3552502;SUZANO;Mineração - Extração de Areia/Cascalho em Leito de Rio;surface;1;1;0;1;240,000000;633600,00
3552502;SUZANO;Outras;groundwater;21;21;0;17;299,500000;977160,00
3552502;SUZANO;Outras;surface;18;16;2;16;307,210000;758270,70
3552502;SUZANO;Reservatório/Barramento/Regularização de Vazões para Usos Múltiplos;surface;41;0;41;0;0,000000;0,00
3552502;SUZANO;Serviços;surface;4;4;0;4;12,000000;34944,00
3552809;TABOÃO DA SERRA;Consumo Humano;groundwater;6;6;0;6;55,000000;306420,00
3552809;TABOÃO DA SERRA;Indústria;groundwater;14;14;0;12;136,900000;841680,00
3552809;TABOÃO DA SERRA;Indústria;surface;1;1;0;1;3,000000;8760,00
3552809;TABOÃO DA SERRA;Irrigação;groundwater;1;1;0;1;4,000000;11520,00
3552809;TABOÃO DA SERRA;Outras;groundwater;22;22;0;20;1486,110000;10294392,00
3552809;TABOÃO DA SERRA;Outras;surface;1;1;0;1;0,970000;8473,92
3552809;TABOÃO DA SERRA;Reservatório/Barramento/Regularização de Vazões para Usos Múltiplos;surface;24;0;24;0;0,000000;0,00
